date,ticker,source,subject,sentiment_score,sentiment_label,bullish_keywords,bearish_keywords
2026-03-14 09:06:13,AN,moby,⚡ Mastercard Goes All-In on Crypto,-1.0,bearish,0,1
2026-03-14 09:06:13,APP,moby,⚡ Mastercard Goes All-In on Crypto,-1.0,bearish,0,1
2026-03-14 09:06:13,ASSET,moby,⚡ Mastercard Goes All-In on Crypto,-1.0,bearish,0,1
2026-03-14 09:06:13,AT,moby,⚡ Mastercard Goes All-In on Crypto,-1.0,bearish,0,1
2026-03-14 09:06:13,AUTO,moby,⚡ Mastercard Goes All-In on Crypto,-1.0,bearish,0,1
2026-03-14 09:06:13,AWAY,moby,⚡ Mastercard Goes All-In on Crypto,-1.0,bearish,0,1
2026-03-14 09:06:13,BE,moby,⚡ Mastercard Goes All-In on Crypto,-1.0,bearish,0,1
2026-03-14 09:06:13,BLOOD,moby,⚡ Mastercard Goes All-In on Crypto,-1.0,bearish,0,1
2026-03-14 09:06:13,BOARD,moby,⚡ Mastercard Goes All-In on Crypto,-1.0,bearish,0,1
2026-03-14 09:06:13,BONUS,moby,⚡ Mastercard Goes All-In on Crypto,-1.0,bearish,0,1
2026-03-14 09:06:13,BY,moby,⚡ Mastercard Goes All-In on Crypto,-1.0,bearish,0,1
2026-03-14 09:06:13,CDN,moby,⚡ Mastercard Goes All-In on Crypto,-1.0,bearish,0,1
2026-03-14 09:06:13,CGI,moby,⚡ Mastercard Goes All-In on Crypto,-1.0,bearish,0,1
2026-03-14 09:06:13,CHAIN,moby,⚡ Mastercard Goes All-In on Crypto,-1.0,bearish,0,1
2026-03-14 09:06:13,CHART,moby,⚡ Mastercard Goes All-In on Crypto,-1.0,bearish,0,1
2026-03-14 09:06:13,CHEAP,moby,⚡ Mastercard Goes All-In on Crypto,-1.0,bearish,0,1
2026-03-14 09:06:13,CHEW,moby,⚡ Mastercard Goes All-In on Crypto,-1.0,bearish,0,1
2026-03-14 09:06:13,CHINA,moby,⚡ Mastercard Goes All-In on Crypto,-1.0,bearish,0,1
2026-03-14 09:06:13,CLEAN,moby,⚡ Mastercard Goes All-In on Crypto,-1.0,bearish,0,1
2026-03-14 09:06:13,CO,moby,⚡ Mastercard Goes All-In on Crypto,-1.0,bearish,0,1
2026-03-14 09:06:13,COM,moby,⚡ Mastercard Goes All-In on Crypto,-1.0,bearish,0,1
2026-03-14 09:06:13,COOL,moby,⚡ Mastercard Goes All-In on Crypto,-1.0,bearish,0,1
2026-03-14 09:06:13,DARK,moby,⚡ Mastercard Goes All-In on Crypto,-1.0,bearish,0,1
2026-03-14 09:06:13,DATA,moby,⚡ Mastercard Goes All-In on Crypto,-1.0,bearish,0,1
2026-03-14 09:06:13,EMAIL,moby,⚡ Mastercard Goes All-In on Crypto,-1.0,bearish,0,1
2026-03-14 09:06:13,FAIR,moby,⚡ Mastercard Goes All-In on Crypto,-1.0,bearish,0,1
2026-03-14 09:06:13,FEE,moby,⚡ Mastercard Goes All-In on Crypto,-1.0,bearish,0,1
2026-03-14 09:06:13,FILE,moby,⚡ Mastercard Goes All-In on Crypto,-1.0,bearish,0,1
2026-03-14 09:06:13,FIRE,moby,⚡ Mastercard Goes All-In on Crypto,-1.0,bearish,0,1
2026-03-14 09:06:13,FIT,moby,⚡ Mastercard Goes All-In on Crypto,-1.0,bearish,0,1
2026-03-14 09:06:13,FUN,moby,⚡ Mastercard Goes All-In on Crypto,-1.0,bearish,0,1
2026-03-14 09:06:13,GIVEN,moby,⚡ Mastercard Goes All-In on Crypto,-1.0,bearish,0,1
2026-03-14 09:06:13,GO,moby,⚡ Mastercard Goes All-In on Crypto,-1.0,bearish,0,1
2026-03-14 09:06:13,GOES,moby,⚡ Mastercard Goes All-In on Crypto,-1.0,bearish,0,1
2026-03-14 09:06:13,HANDS,moby,⚡ Mastercard Goes All-In on Crypto,-1.0,bearish,0,1
2026-03-14 09:06:13,HE,moby,⚡ Mastercard Goes All-In on Crypto,-1.0,bearish,0,1
2026-03-14 09:06:13,HOME,moby,⚡ Mastercard Goes All-In on Crypto,-1.0,bearish,0,1
2026-03-14 09:06:13,HOT,moby,⚡ Mastercard Goes All-In on Crypto,-1.0,bearish,0,1
2026-03-14 09:06:13,HTTPS,moby,⚡ Mastercard Goes All-In on Crypto,-1.0,bearish,0,1
2026-03-14 09:06:13,IMAGE,moby,⚡ Mastercard Goes All-In on Crypto,-1.0,bearish,0,1
2026-03-14 09:06:13,IN,moby,⚡ Mastercard Goes All-In on Crypto,-1.0,bearish,0,1
2026-03-14 09:06:13,IS,moby,⚡ Mastercard Goes All-In on Crypto,-1.0,bearish,0,1
2026-03-14 09:06:13,IT,moby,⚡ Mastercard Goes All-In on Crypto,-1.0,bearish,0,1
2026-03-14 09:06:13,JOINT,moby,⚡ Mastercard Goes All-In on Crypto,-1.0,bearish,0,1
2026-03-14 09:06:13,KEEPS,moby,⚡ Mastercard Goes All-In on Crypto,-1.0,bearish,0,1
2026-03-14 09:06:13,LAKE,moby,⚡ Mastercard Goes All-In on Crypto,-1.0,bearish,0,1
2026-03-14 09:06:13,LAW,moby,⚡ Mastercard Goes All-In on Crypto,-1.0,bearish,0,1
2026-03-14 09:06:13,LED,moby,⚡ Mastercard Goes All-In on Crypto,-1.0,bearish,0,1
2026-03-14 09:06:13,LINK,moby,⚡ Mastercard Goes All-In on Crypto,-1.0,bearish,0,1
2026-03-14 09:06:13,LLC,moby,⚡ Mastercard Goes All-In on Crypto,-1.0,bearish,0,1
2026-03-14 09:06:13,MARCH,moby,⚡ Mastercard Goes All-In on Crypto,-1.0,bearish,0,1
2026-03-14 09:06:13,MATH,moby,⚡ Mastercard Goes All-In on Crypto,-1.0,bearish,0,1
2026-03-14 09:06:13,MEDIA,moby,⚡ Mastercard Goes All-In on Crypto,-1.0,bearish,0,1
2026-03-14 09:06:13,MINE,moby,⚡ Mastercard Goes All-In on Crypto,-1.0,bearish,0,1
2026-03-14 09:06:13,MOBY,moby,⚡ Mastercard Goes All-In on Crypto,-1.0,bearish,0,1
2026-03-14 09:06:13,NEED,moby,⚡ Mastercard Goes All-In on Crypto,-1.0,bearish,0,1
2026-03-14 09:06:13,OF,moby,⚡ Mastercard Goes All-In on Crypto,-1.0,bearish,0,1
2026-03-14 09:06:13,OIL,moby,⚡ Mastercard Goes All-In on Crypto,-1.0,bearish,0,1
2026-03-14 09:06:13,ON,moby,⚡ Mastercard Goes All-In on Crypto,-1.0,bearish,0,1
2026-03-14 09:06:13,ONCE,moby,⚡ Mastercard Goes All-In on Crypto,-1.0,bearish,0,1
2026-03-14 09:06:13,OPTIC,moby,⚡ Mastercard Goes All-In on Crypto,-1.0,bearish,0,1
2026-03-14 09:06:13,OR,moby,⚡ Mastercard Goes All-In on Crypto,-1.0,bearish,0,1
2026-03-14 09:06:13,PAID,moby,⚡ Mastercard Goes All-In on Crypto,-1.0,bearish,0,1
2026-03-14 09:06:13,PASS,moby,⚡ Mastercard Goes All-In on Crypto,-1.0,bearish,0,1
2026-03-14 09:06:13,PIECE,moby,⚡ Mastercard Goes All-In on Crypto,-1.0,bearish,0,1
2026-03-14 09:06:13,PLUS,moby,⚡ Mastercard Goes All-In on Crypto,-1.0,bearish,0,1
2026-03-14 09:06:13,PNG,moby,⚡ Mastercard Goes All-In on Crypto,-1.0,bearish,0,1
2026-03-14 09:06:13,QUEEN,moby,⚡ Mastercard Goes All-In on Crypto,-1.0,bearish,0,1
2026-03-14 09:06:13,RAN,moby,⚡ Mastercard Goes All-In on Crypto,-1.0,bearish,0,1
2026-03-14 09:06:13,ROLE,moby,⚡ Mastercard Goes All-In on Crypto,-1.0,bearish,0,1
2026-03-14 09:06:13,SALE,moby,⚡ Mastercard Goes All-In on Crypto,-1.0,bearish,0,1
2026-03-14 09:06:13,SAYS,moby,⚡ Mastercard Goes All-In on Crypto,-1.0,bearish,0,1
2026-03-14 09:06:13,SCALE,moby,⚡ Mastercard Goes All-In on Crypto,-1.0,bearish,0,1
2026-03-14 09:06:13,SEAT,moby,⚡ Mastercard Goes All-In on Crypto,-1.0,bearish,0,1
2026-03-14 09:06:13,SEVEN,moby,⚡ Mastercard Goes All-In on Crypto,-1.0,bearish,0,1
2026-03-14 09:06:13,SHOU,moby,⚡ Mastercard Goes All-In on Crypto,-1.0,bearish,0,1
2026-03-14 09:06:13,STILL,moby,⚡ Mastercard Goes All-In on Crypto,-1.0,bearish,0,1
2026-03-14 09:06:13,STOCK,moby,⚡ Mastercard Goes All-In on Crypto,-1.0,bearish,0,1
2026-03-14 09:06:13,STUDY,moby,⚡ Mastercard Goes All-In on Crypto,-1.0,bearish,0,1
2026-03-14 09:06:13,TO,moby,⚡ Mastercard Goes All-In on Crypto,-1.0,bearish,0,1
2026-03-14 09:06:13,TODAY,moby,⚡ Mastercard Goes All-In on Crypto,-1.0,bearish,0,1
2026-03-14 09:06:13,TONS,moby,⚡ Mastercard Goes All-In on Crypto,-1.0,bearish,0,1
2026-03-14 09:06:13,TRUMP,moby,⚡ Mastercard Goes All-In on Crypto,-1.0,bearish,0,1
2026-03-14 09:06:13,USDS,moby,⚡ Mastercard Goes All-In on Crypto,-1.0,bearish,0,1
2026-03-14 09:06:13,USER,moby,⚡ Mastercard Goes All-In on Crypto,-1.0,bearish,0,1
2026-03-14 09:06:13,VIEW,moby,⚡ Mastercard Goes All-In on Crypto,-1.0,bearish,0,1
2026-03-14 09:06:13,WHILE,moby,⚡ Mastercard Goes All-In on Crypto,-1.0,bearish,0,1
2026-03-14 09:06:13,WHY,moby,⚡ Mastercard Goes All-In on Crypto,-1.0,bearish,0,1
2026-03-14 09:06:13,WONKY,moby,⚡ Mastercard Goes All-In on Crypto,-1.0,bearish,0,1
2026-03-14 09:06:13,WORTH,moby,⚡ Mastercard Goes All-In on Crypto,-1.0,bearish,0,1
2026-03-16 12:10:01,ABOUT,moby,⚡ The TSA is Quitting. Airlines are Panicking.,1.0,bullish,1,0
2026-03-16 12:10:01,ABOVE,moby,⚡ The TSA is Quitting. Airlines are Panicking.,1.0,bullish,1,0
2026-03-16 12:10:01,AN,moby,⚡ The TSA is Quitting. Airlines are Panicking.,1.0,bullish,1,0
2026-03-16 12:10:01,APP,moby,⚡ The TSA is Quitting. Airlines are Panicking.,1.0,bullish,1,0
2026-03-16 12:10:01,AS,moby,⚡ The TSA is Quitting. Airlines are Panicking.,1.0,bullish,1,0
2026-03-16 12:10:01,ASK,moby,⚡ The TSA is Quitting. Airlines are Panicking.,1.0,bullish,1,0
2026-03-16 12:10:01,ASSET,moby,⚡ The TSA is Quitting. Airlines are Panicking.,1.0,bullish,1,0
2026-03-16 12:10:01,AT,moby,⚡ The TSA is Quitting. Airlines are Panicking.,1.0,bullish,1,0
2026-03-16 12:10:01,AUTO,moby,⚡ The TSA is Quitting. Airlines are Panicking.,1.0,bullish,1,0
2026-03-16 12:10:01,BE,moby,⚡ The TSA is Quitting. Airlines are Panicking.,1.0,bullish,1,0
2026-03-16 12:10:01,BILL,moby,⚡ The TSA is Quitting. Airlines are Panicking.,1.0,bullish,1,0
2026-03-16 12:10:01,BILT,moby,⚡ The TSA is Quitting. Airlines are Panicking.,1.0,bullish,1,0
2026-03-16 12:10:01,BOTH,moby,⚡ The TSA is Quitting. Airlines are Panicking.,1.0,bullish,1,0
2026-03-16 12:10:01,BREAK,moby,⚡ The TSA is Quitting. Airlines are Panicking.,1.0,bullish,1,0
2026-03-16 12:10:01,BUY,moby,⚡ The TSA is Quitting. Airlines are Panicking.,1.0,bullish,1,0
2026-03-16 12:10:01,BY,moby,⚡ The TSA is Quitting. Airlines are Panicking.,1.0,bullish,1,0
2026-03-16 12:10:01,CARD,moby,⚡ The TSA is Quitting. Airlines are Panicking.,1.0,bullish,1,0
2026-03-16 12:10:01,CAST,moby,⚡ The TSA is Quitting. Airlines are Panicking.,1.0,bullish,1,0
2026-03-16 12:10:01,CDN,moby,⚡ The TSA is Quitting. Airlines are Panicking.,1.0,bullish,1,0
2026-03-16 12:10:01,CEOS,moby,⚡ The TSA is Quitting. Airlines are Panicking.,1.0,bullish,1,0
2026-03-16 12:10:01,CGI,moby,⚡ The TSA is Quitting. Airlines are Panicking.,1.0,bullish,1,0
2026-03-16 12:10:01,CHINA,moby,⚡ The TSA is Quitting. Airlines are Panicking.,1.0,bullish,1,0
2026-03-16 12:10:01,CHIP,moby,⚡ The TSA is Quitting. Airlines are Panicking.,1.0,bullish,1,0
2026-03-16 12:10:01,CLEAN,moby,⚡ The TSA is Quitting. Airlines are Panicking.,1.0,bullish,1,0
2026-03-16 12:10:01,CLICK,moby,⚡ The TSA is Quitting. Airlines are Panicking.,1.0,bullish,1,0
2026-03-16 12:10:01,CO,moby,⚡ The TSA is Quitting. Airlines are Panicking.,1.0,bullish,1,0
2026-03-16 12:10:01,COM,moby,⚡ The TSA is Quitting. Airlines are Panicking.,1.0,bullish,1,0
2026-03-16 12:10:01,CORE,moby,⚡ The TSA is Quitting. Airlines are Panicking.,1.0,bullish,1,0
2026-03-16 12:10:01,COULD,moby,⚡ The TSA is Quitting. Airlines are Panicking.,1.0,bullish,1,0
2026-03-16 12:10:01,CREPT,moby,⚡ The TSA is Quitting. Airlines are Panicking.,1.0,bullish,1,0
2026-03-16 12:10:01,CRUDE,moby,⚡ The TSA is Quitting. Airlines are Panicking.,1.0,bullish,1,0
2026-03-16 12:10:01,CUT,moby,⚡ The TSA is Quitting. Airlines are Panicking.,1.0,bullish,1,0
2026-03-16 12:10:01,DAYS,moby,⚡ The TSA is Quitting. Airlines are Panicking.,1.0,bullish,1,0
2026-03-16 12:10:01,DEEP,moby,⚡ The TSA is Quitting. Airlines are Panicking.,1.0,bullish,1,0
2026-03-16 12:10:01,DIDN,moby,⚡ The TSA is Quitting. Airlines are Panicking.,1.0,bullish,1,0
2026-03-16 12:10:01,DUFFY,moby,⚡ The TSA is Quitting. Airlines are Panicking.,1.0,bullish,1,0
2026-03-16 12:10:01,EARLY,moby,⚡ The TSA is Quitting. Airlines are Panicking.,1.0,bullish,1,0
2026-03-16 12:10:01,ELON,moby,⚡ The TSA is Quitting. Airlines are Panicking.,1.0,bullish,1,0
2026-03-16 12:10:01,ELSE,moby,⚡ The TSA is Quitting. Airlines are Panicking.,1.0,bullish,1,0
2026-03-16 12:10:01,EMAIL,moby,⚡ The TSA is Quitting. Airlines are Panicking.,1.0,bullish,1,0
2026-03-16 12:10:01,END,moby,⚡ The TSA is Quitting. Airlines are Panicking.,1.0,bullish,1,0
2026-03-16 12:10:01,EVER,moby,⚡ The TSA is Quitting. Airlines are Panicking.,1.0,bullish,1,0
2026-03-16 12:10:01,EVERY,moby,⚡ The TSA is Quitting. Airlines are Panicking.,1.0,bullish,1,0
2026-03-16 12:10:01,FIFTH,moby,⚡ The TSA is Quitting. Airlines are Panicking.,1.0,bullish,1,0
2026-03-16 12:10:01,FILE,moby,⚡ The TSA is Quitting. Airlines are Panicking.,1.0,bullish,1,0
2026-03-16 12:10:01,FIT,moby,⚡ The TSA is Quitting. Airlines are Panicking.,1.0,bullish,1,0
2026-03-16 12:10:01,FLOWS,moby,⚡ The TSA is Quitting. Airlines are Panicking.,1.0,bullish,1,0
2026-03-16 12:10:01,FOX,moby,⚡ The TSA is Quitting. Airlines are Panicking.,1.0,bullish,1,0
2026-03-16 12:10:01,FULL,moby,⚡ The TSA is Quitting. Airlines are Panicking.,1.0,bullish,1,0
2026-03-16 12:10:01,GOING,moby,⚡ The TSA is Quitting. Airlines are Panicking.,1.0,bullish,1,0
2026-03-16 12:10:01,GOT,moby,⚡ The TSA is Quitting. Airlines are Panicking.,1.0,bullish,1,0
2026-03-16 12:10:01,GRADE,moby,⚡ The TSA is Quitting. Airlines are Panicking.,1.0,bullish,1,0
2026-03-16 12:10:01,HAPPY,moby,⚡ The TSA is Quitting. Airlines are Panicking.,1.0,bullish,1,0
2026-03-16 12:10:01,HAT,moby,⚡ The TSA is Quitting. Airlines are Panicking.,1.0,bullish,1,0
2026-03-16 12:10:01,HE,moby,⚡ The TSA is Quitting. Airlines are Panicking.,1.0,bullish,1,0
2026-03-16 12:10:01,HELP,moby,⚡ The TSA is Quitting. Airlines are Panicking.,1.0,bullish,1,0
2026-03-16 12:10:01,HOUR,moby,⚡ The TSA is Quitting. Airlines are Panicking.,1.0,bullish,1,0
2026-03-16 12:10:01,HTTPS,moby,⚡ The TSA is Quitting. Airlines are Panicking.,1.0,bullish,1,0
2026-03-16 12:10:01,HURT,moby,⚡ The TSA is Quitting. Airlines are Panicking.,1.0,bullish,1,0
2026-03-16 12:10:01,IMAGE,moby,⚡ The TSA is Quitting. Airlines are Panicking.,1.0,bullish,1,0
2026-03-16 12:10:01,IMPLY,moby,⚡ The TSA is Quitting. Airlines are Panicking.,1.0,bullish,1,0
2026-03-16 12:10:01,IN,moby,⚡ The TSA is Quitting. Airlines are Panicking.,1.0,bullish,1,0
2026-03-16 12:10:01,IRAN,moby,⚡ The TSA is Quitting. Airlines are Panicking.,1.0,bullish,1,0
2026-03-16 12:10:01,IS,moby,⚡ The TSA is Quitting. Airlines are Panicking.,1.0,bullish,1,0
2026-03-16 12:10:01,ISSUE,moby,⚡ The TSA is Quitting. Airlines are Panicking.,1.0,bullish,1,0
2026-03-16 12:10:01,IT,moby,⚡ The TSA is Quitting. Airlines are Panicking.,1.0,bullish,1,0
2026-03-16 12:10:01,JAY,moby,⚡ The TSA is Quitting. Airlines are Panicking.,1.0,bullish,1,0
2026-03-16 12:10:01,KIND,moby,⚡ The TSA is Quitting. Airlines are Panicking.,1.0,bullish,1,0
2026-03-16 12:10:01,LEFT,moby,⚡ The TSA is Quitting. Airlines are Panicking.,1.0,bullish,1,0
2026-03-16 12:10:01,LINES,moby,⚡ The TSA is Quitting. Airlines are Panicking.,1.0,bullish,1,0
2026-03-16 12:10:01,LINK,moby,⚡ The TSA is Quitting. Airlines are Panicking.,1.0,bullish,1,0
2026-03-16 12:10:01,LIVE,moby,⚡ The TSA is Quitting. Airlines are Panicking.,1.0,bullish,1,0
2026-03-16 12:10:01,LOGIC,moby,⚡ The TSA is Quitting. Airlines are Panicking.,1.0,bullish,1,0
2026-03-16 12:10:01,MAJOR,moby,⚡ The TSA is Quitting. Airlines are Panicking.,1.0,bullish,1,0
2026-03-16 12:10:01,MARCH,moby,⚡ The TSA is Quitting. Airlines are Panicking.,1.0,bullish,1,0
2026-03-16 12:10:01,MEDIA,moby,⚡ The TSA is Quitting. Airlines are Panicking.,1.0,bullish,1,0
2026-03-16 12:10:01,MOBY,moby,⚡ The TSA is Quitting. Airlines are Panicking.,1.0,bullish,1,0
2026-03-16 12:10:01,MUSK,moby,⚡ The TSA is Quitting. Airlines are Panicking.,1.0,bullish,1,0
2026-03-16 12:10:01,NAME,moby,⚡ The TSA is Quitting. Airlines are Panicking.,1.0,bullish,1,0
2026-03-16 12:10:01,NATO,moby,⚡ The TSA is Quitting. Airlines are Panicking.,1.0,bullish,1,0
2026-03-16 12:10:01,NEED,moby,⚡ The TSA is Quitting. Airlines are Panicking.,1.0,bullish,1,0
2026-03-16 12:10:01,OF,moby,⚡ The TSA is Quitting. Airlines are Panicking.,1.0,bullish,1,0
2026-03-16 12:10:01,OFFER,moby,⚡ The TSA is Quitting. Airlines are Panicking.,1.0,bullish,1,0
2026-03-16 12:10:01,OIL,moby,⚡ The TSA is Quitting. Airlines are Panicking.,1.0,bullish,1,0
2026-03-16 12:10:01,ON,moby,⚡ The TSA is Quitting. Airlines are Panicking.,1.0,bullish,1,0
2026-03-16 12:10:01,OR,moby,⚡ The TSA is Quitting. Airlines are Panicking.,1.0,bullish,1,0
2026-03-16 12:10:01,PAID,moby,⚡ The TSA is Quitting. Airlines are Panicking.,1.0,bullish,1,0
2026-03-16 12:10:01,PAY,moby,⚡ The TSA is Quitting. Airlines are Panicking.,1.0,bullish,1,0
2026-03-16 12:10:01,PCE,moby,⚡ The TSA is Quitting. Airlines are Panicking.,1.0,bullish,1,0
2026-03-16 12:10:01,PNG,moby,⚡ The TSA is Quitting. Airlines are Panicking.,1.0,bullish,1,0
2026-03-16 12:10:01,PRO,moby,⚡ The TSA is Quitting. Airlines are Panicking.,1.0,bullish,1,0
2026-03-16 12:10:01,QUIET,moby,⚡ The TSA is Quitting. Airlines are Panicking.,1.0,bullish,1,0
2026-03-16 12:10:01,QUIT,moby,⚡ The TSA is Quitting. Airlines are Panicking.,1.0,bullish,1,0
2026-03-16 12:10:01,RATES,moby,⚡ The TSA is Quitting. Airlines are Panicking.,1.0,bullish,1,0
2026-03-16 12:10:01,RENT,moby,⚡ The TSA is Quitting. Airlines are Panicking.,1.0,bullish,1,0
2026-03-16 12:10:01,ROOM,moby,⚡ The TSA is Quitting. Airlines are Panicking.,1.0,bullish,1,0
2026-03-16 12:10:01,ROW,moby,⚡ The TSA is Quitting. Airlines are Panicking.,1.0,bullish,1,0
2026-03-16 12:10:01,RUNS,moby,⚡ The TSA is Quitting. Airlines are Panicking.,1.0,bullish,1,0
2026-03-16 12:10:01,SALES,moby,⚡ The TSA is Quitting. Airlines are Panicking.,1.0,bullish,1,0
2026-03-16 12:10:01,SCALE,moby,⚡ The TSA is Quitting. Airlines are Panicking.,1.0,bullish,1,0
2026-03-16 12:10:01,SEAN,moby,⚡ The TSA is Quitting. Airlines are Panicking.,1.0,bullish,1,0
2026-03-16 12:10:01,SEVEN,moby,⚡ The TSA is Quitting. Airlines are Panicking.,1.0,bullish,1,0
2026-03-16 12:10:01,SHRUG,moby,⚡ The TSA is Quitting. Airlines are Panicking.,1.0,bullish,1,0
2026-03-16 12:10:01,SINCE,moby,⚡ The TSA is Quitting. Airlines are Panicking.,1.0,bullish,1,0
2026-03-16 12:10:01,SO,moby,⚡ The TSA is Quitting. Airlines are Panicking.,1.0,bullish,1,0
2026-03-16 12:10:01,SPENT,moby,⚡ The TSA is Quitting. Airlines are Panicking.,1.0,bullish,1,0
2026-03-16 12:10:01,SPIKE,moby,⚡ The TSA is Quitting. Airlines are Panicking.,1.0,bullish,1,0
2026-03-16 12:10:01,STOOD,moby,⚡ The TSA is Quitting. Airlines are Panicking.,1.0,bullish,1,0
2026-03-16 12:10:01,TEXT,moby,⚡ The TSA is Quitting. Airlines are Panicking.,1.0,bullish,1,0
2026-03-16 12:10:01,THEIR,moby,⚡ The TSA is Quitting. Airlines are Panicking.,1.0,bullish,1,0
2026-03-16 12:10:01,THERE,moby,⚡ The TSA is Quitting. Airlines are Panicking.,1.0,bullish,1,0
2026-03-16 12:10:01,THESE,moby,⚡ The TSA is Quitting. Airlines are Panicking.,1.0,bullish,1,0
2026-03-16 12:10:01,THREE,moby,⚡ The TSA is Quitting. Airlines are Panicking.,1.0,bullish,1,0
2026-03-16 12:10:01,TIED,moby,⚡ The TSA is Quitting. Airlines are Panicking.,1.0,bullish,1,0
2026-03-16 12:10:01,TO,moby,⚡ The TSA is Quitting. Airlines are Panicking.,1.0,bullish,1,0
2026-03-16 12:10:01,TRUMP,moby,⚡ The TSA is Quitting. Airlines are Panicking.,1.0,bullish,1,0
2026-03-16 12:10:01,TSA,moby,⚡ The TSA is Quitting. Airlines are Panicking.,1.0,bullish,1,0
2026-03-16 12:10:01,TURN,moby,⚡ The TSA is Quitting. Airlines are Panicking.,1.0,bullish,1,0
2026-03-16 12:10:01,TWO,moby,⚡ The TSA is Quitting. Airlines are Panicking.,1.0,bullish,1,0
2026-03-16 12:10:01,VIBES,moby,⚡ The TSA is Quitting. Airlines are Panicking.,1.0,bullish,1,0
2026-03-16 12:10:01,VIEW,moby,⚡ The TSA is Quitting. Airlines are Panicking.,1.0,bullish,1,0
2026-03-16 12:10:01,WATCH,moby,⚡ The TSA is Quitting. Airlines are Panicking.,1.0,bullish,1,0
2026-03-16 12:10:01,WATER,moby,⚡ The TSA is Quitting. Airlines are Panicking.,1.0,bullish,1,0
2026-03-16 12:10:01,WE,moby,⚡ The TSA is Quitting. Airlines are Panicking.,1.0,bullish,1,0
2026-03-16 12:10:01,WEEKS,moby,⚡ The TSA is Quitting. Airlines are Panicking.,1.0,bullish,1,0
2026-03-16 12:10:01,WENT,moby,⚡ The TSA is Quitting. Airlines are Panicking.,1.0,bullish,1,0
2026-03-16 12:10:01,WERE,moby,⚡ The TSA is Quitting. Airlines are Panicking.,1.0,bullish,1,0
2026-03-16 12:10:01,WHICH,moby,⚡ The TSA is Quitting. Airlines are Panicking.,1.0,bullish,1,0
2026-03-16 12:10:01,WHILE,moby,⚡ The TSA is Quitting. Airlines are Panicking.,1.0,bullish,1,0
2026-03-16 12:10:01,WORLD,moby,⚡ The TSA is Quitting. Airlines are Panicking.,1.0,bullish,1,0
2026-03-16 12:10:01,WWW,moby,⚡ The TSA is Quitting. Airlines are Panicking.,1.0,bullish,1,0
2026-03-16 12:10:01,XI,moby,⚡ The TSA is Quitting. Airlines are Panicking.,1.0,bullish,1,0
2026-03-16 12:10:01,YELL,moby,⚡ The TSA is Quitting. Airlines are Panicking.,1.0,bullish,1,0
2026-03-16 12:10:01,YOUR,moby,⚡ The TSA is Quitting. Airlines are Panicking.,1.0,bullish,1,0
2026-03-17 12:11:38,ABOUT,moby,⚡ Meta Drops $27B on a Total Unknown,0.0,neutral,0,0
2026-03-17 12:11:38,AFTER,moby,⚡ Meta Drops $27B on a Total Unknown,0.0,neutral,0,0
2026-03-17 12:11:38,AGO,moby,⚡ Meta Drops $27B on a Total Unknown,0.0,neutral,0,0
2026-03-17 12:11:38,APP,moby,⚡ Meta Drops $27B on a Total Unknown,0.0,neutral,0,0
2026-03-17 12:11:38,AS,moby,⚡ Meta Drops $27B on a Total Unknown,0.0,neutral,0,0
2026-03-17 12:11:38,ASSET,moby,⚡ Meta Drops $27B on a Total Unknown,0.0,neutral,0,0
2026-03-17 12:11:38,AT,moby,⚡ Meta Drops $27B on a Total Unknown,0.0,neutral,0,0
2026-03-17 12:11:38,AUTO,moby,⚡ Meta Drops $27B on a Total Unknown,0.0,neutral,0,0
2026-03-17 12:11:38,BANKS,moby,⚡ Meta Drops $27B on a Total Unknown,0.0,neutral,0,0
2026-03-17 12:11:38,BE,moby,⚡ Meta Drops $27B on a Total Unknown,0.0,neutral,0,0
2026-03-17 12:11:38,BEING,moby,⚡ Meta Drops $27B on a Total Unknown,0.0,neutral,0,0
2026-03-17 12:11:38,BLACK,moby,⚡ Meta Drops $27B on a Total Unknown,0.0,neutral,0,0
2026-03-17 12:11:38,BRENT,moby,⚡ Meta Drops $27B on a Total Unknown,0.0,neutral,0,0
2026-03-17 12:11:38,BULK,moby,⚡ Meta Drops $27B on a Total Unknown,0.0,neutral,0,0
2026-03-17 12:11:38,BUSY,moby,⚡ Meta Drops $27B on a Total Unknown,0.0,neutral,0,0
2026-03-17 12:11:38,BY,moby,⚡ Meta Drops $27B on a Total Unknown,0.0,neutral,0,0
2026-03-17 12:11:38,CAR,moby,⚡ Meta Drops $27B on a Total Unknown,0.0,neutral,0,0
2026-03-17 12:11:38,CDN,moby,⚡ Meta Drops $27B on a Total Unknown,0.0,neutral,0,0
2026-03-17 12:11:38,CGI,moby,⚡ Meta Drops $27B on a Total Unknown,0.0,neutral,0,0
2026-03-17 12:11:38,CHECK,moby,⚡ Meta Drops $27B on a Total Unknown,0.0,neutral,0,0
2026-03-17 12:11:38,CHIP,moby,⚡ Meta Drops $27B on a Total Unknown,0.0,neutral,0,0
2026-03-17 12:11:38,CLICK,moby,⚡ Meta Drops $27B on a Total Unknown,0.0,neutral,0,0
2026-03-17 12:11:38,CLOSE,moby,⚡ Meta Drops $27B on a Total Unknown,0.0,neutral,0,0
2026-03-17 12:11:38,CLUB,moby,⚡ Meta Drops $27B on a Total Unknown,0.0,neutral,0,0
2026-03-17 12:11:38,CO,moby,⚡ Meta Drops $27B on a Total Unknown,0.0,neutral,0,0
2026-03-17 12:11:38,COM,moby,⚡ Meta Drops $27B on a Total Unknown,0.0,neutral,0,0
2026-03-17 12:11:38,COULD,moby,⚡ Meta Drops $27B on a Total Unknown,0.0,neutral,0,0
2026-03-17 12:11:38,CPI,moby,⚡ Meta Drops $27B on a Total Unknown,0.0,neutral,0,0
2026-03-17 12:11:38,CRASH,moby,⚡ Meta Drops $27B on a Total Unknown,0.0,neutral,0,0
2026-03-17 12:11:38,DATA,moby,⚡ Meta Drops $27B on a Total Unknown,0.0,neutral,0,0
2026-03-17 12:11:38,DMV,moby,⚡ Meta Drops $27B on a Total Unknown,0.0,neutral,0,0
2026-03-17 12:11:38,DOING,moby,⚡ Meta Drops $27B on a Total Unknown,0.0,neutral,0,0
2026-03-17 12:11:38,DRIFT,moby,⚡ Meta Drops $27B on a Total Unknown,0.0,neutral,0,0
2026-03-17 12:11:38,DROPS,moby,⚡ Meta Drops $27B on a Total Unknown,0.0,neutral,0,0
2026-03-17 12:11:38,EARLY,moby,⚡ Meta Drops $27B on a Total Unknown,0.0,neutral,0,0
2026-03-17 12:11:38,ELON,moby,⚡ Meta Drops $27B on a Total Unknown,0.0,neutral,0,0
2026-03-17 12:11:38,ELSE,moby,⚡ Meta Drops $27B on a Total Unknown,0.0,neutral,0,0
2026-03-17 12:11:38,ET,moby,⚡ Meta Drops $27B on a Total Unknown,0.0,neutral,0,0
2026-03-17 12:11:38,EVER,moby,⚡ Meta Drops $27B on a Total Unknown,0.0,neutral,0,0
2026-03-17 12:11:38,EXACT,moby,⚡ Meta Drops $27B on a Total Unknown,0.0,neutral,0,0
2026-03-17 12:11:38,FALL,moby,⚡ Meta Drops $27B on a Total Unknown,0.0,neutral,0,0
2026-03-17 12:11:38,FILE,moby,⚡ Meta Drops $27B on a Total Unknown,0.0,neutral,0,0
2026-03-17 12:11:38,FIT,moby,⚡ Meta Drops $27B on a Total Unknown,0.0,neutral,0,0
2026-03-17 12:11:38,FOMC,moby,⚡ Meta Drops $27B on a Total Unknown,0.0,neutral,0,0
2026-03-17 12:11:38,FRESH,moby,⚡ Meta Drops $27B on a Total Unknown,0.0,neutral,0,0
2026-03-17 12:11:38,GO,moby,⚡ Meta Drops $27B on a Total Unknown,0.0,neutral,0,0
2026-03-17 12:11:38,GTC,moby,⚡ Meta Drops $27B on a Total Unknown,0.0,neutral,0,0
2026-03-17 12:11:38,HEAVY,moby,⚡ Meta Drops $27B on a Total Unknown,0.0,neutral,0,0
2026-03-17 12:11:38,HIM,moby,⚡ Meta Drops $27B on a Total Unknown,0.0,neutral,0,0
2026-03-17 12:11:38,HIT,moby,⚡ Meta Drops $27B on a Total Unknown,0.0,neutral,0,0
2026-03-17 12:11:38,HOME,moby,⚡ Meta Drops $27B on a Total Unknown,0.0,neutral,0,0
2026-03-17 12:11:38,HOSTS,moby,⚡ Meta Drops $27B on a Total Unknown,0.0,neutral,0,0
2026-03-17 12:11:38,HTTPS,moby,⚡ Meta Drops $27B on a Total Unknown,0.0,neutral,0,0
2026-03-17 12:11:38,IDEAL,moby,⚡ Meta Drops $27B on a Total Unknown,0.0,neutral,0,0
2026-03-17 12:11:38,IEA,moby,⚡ Meta Drops $27B on a Total Unknown,0.0,neutral,0,0
2026-03-17 12:11:38,IMAGE,moby,⚡ Meta Drops $27B on a Total Unknown,0.0,neutral,0,0
2026-03-17 12:11:38,IN,moby,⚡ Meta Drops $27B on a Total Unknown,0.0,neutral,0,0
2026-03-17 12:11:38,IRAN,moby,⚡ Meta Drops $27B on a Total Unknown,0.0,neutral,0,0
2026-03-17 12:11:38,IS,moby,⚡ Meta Drops $27B on a Total Unknown,0.0,neutral,0,0
2026-03-17 12:11:38,IT,moby,⚡ Meta Drops $27B on a Total Unknown,0.0,neutral,0,0
2026-03-17 12:11:38,JAY,moby,⚡ Meta Drops $27B on a Total Unknown,0.0,neutral,0,0
2026-03-17 12:11:38,JOKE,moby,⚡ Meta Drops $27B on a Total Unknown,0.0,neutral,0,0
2026-03-17 12:11:38,JPG,moby,⚡ Meta Drops $27B on a Total Unknown,0.0,neutral,0,0
2026-03-17 12:11:38,KEEPS,moby,⚡ Meta Drops $27B on a Total Unknown,0.0,neutral,0,0
2026-03-17 12:11:38,KICKS,moby,⚡ Meta Drops $27B on a Total Unknown,0.0,neutral,0,0
2026-03-17 12:11:38,LINE,moby,⚡ Meta Drops $27B on a Total Unknown,0.0,neutral,0,0
2026-03-17 12:11:38,LINK,moby,⚡ Meta Drops $27B on a Total Unknown,0.0,neutral,0,0
2026-03-17 12:11:38,LL,moby,⚡ Meta Drops $27B on a Total Unknown,0.0,neutral,0,0
2026-03-17 12:11:38,LOT,moby,⚡ Meta Drops $27B on a Total Unknown,0.0,neutral,0,0
2026-03-17 12:11:38,MACRO,moby,⚡ Meta Drops $27B on a Total Unknown,0.0,neutral,0,0
2026-03-17 12:11:38,MARCH,moby,⚡ Meta Drops $27B on a Total Unknown,0.0,neutral,0,0
2026-03-17 12:11:38,ME,moby,⚡ Meta Drops $27B on a Total Unknown,0.0,neutral,0,0
2026-03-17 12:11:38,MEDIA,moby,⚡ Meta Drops $27B on a Total Unknown,0.0,neutral,0,0
2026-03-17 12:11:38,META,moby,⚡ Meta Drops $27B on a Total Unknown,0.0,neutral,0,0
2026-03-17 12:11:38,MISS,moby,⚡ Meta Drops $27B on a Total Unknown,0.0,neutral,0,0
2026-03-17 12:11:38,MOBY,moby,⚡ Meta Drops $27B on a Total Unknown,0.0,neutral,0,0
2026-03-17 12:11:38,MUSIC,moby,⚡ Meta Drops $27B on a Total Unknown,0.0,neutral,0,0
2026-03-17 12:11:38,MUSK,moby,⚡ Meta Drops $27B on a Total Unknown,0.0,neutral,0,0
2026-03-17 12:11:38,MY,moby,⚡ Meta Drops $27B on a Total Unknown,0.0,neutral,0,0
2026-03-17 12:11:38,NEAR,moby,⚡ Meta Drops $27B on a Total Unknown,0.0,neutral,0,0
2026-03-17 12:11:38,NO,moby,⚡ Meta Drops $27B on a Total Unknown,0.0,neutral,0,0
2026-03-17 12:11:38,NOON,moby,⚡ Meta Drops $27B on a Total Unknown,0.0,neutral,0,0
2026-03-17 12:11:38,OF,moby,⚡ Meta Drops $27B on a Total Unknown,0.0,neutral,0,0
2026-03-17 12:11:38,OFF,moby,⚡ Meta Drops $27B on a Total Unknown,0.0,neutral,0,0
2026-03-17 12:11:38,OFFER,moby,⚡ Meta Drops $27B on a Total Unknown,0.0,neutral,0,0
2026-03-17 12:11:38,OIL,moby,⚡ Meta Drops $27B on a Total Unknown,0.0,neutral,0,0
2026-03-17 12:11:38,OLDER,moby,⚡ Meta Drops $27B on a Total Unknown,0.0,neutral,0,0
2026-03-17 12:11:38,ON,moby,⚡ Meta Drops $27B on a Total Unknown,0.0,neutral,0,0
2026-03-17 12:11:38,ONLY,moby,⚡ Meta Drops $27B on a Total Unknown,0.0,neutral,0,0
2026-03-17 12:11:38,PLANS,moby,⚡ Meta Drops $27B on a Total Unknown,0.0,neutral,0,0
2026-03-17 12:11:38,PNG,moby,⚡ Meta Drops $27B on a Total Unknown,0.0,neutral,0,0
2026-03-17 12:11:38,PRICE,moby,⚡ Meta Drops $27B on a Total Unknown,0.0,neutral,0,0
2026-03-17 12:11:38,PRINT,moby,⚡ Meta Drops $27B on a Total Unknown,0.0,neutral,0,0
2026-03-17 12:11:38,PRO,moby,⚡ Meta Drops $27B on a Total Unknown,0.0,neutral,0,0
2026-03-17 12:11:38,RATES,moby,⚡ Meta Drops $27B on a Total Unknown,0.0,neutral,0,0
2026-03-17 12:11:38,REAL,moby,⚡ Meta Drops $27B on a Total Unknown,0.0,neutral,0,0
2026-03-17 12:11:38,RIGHT,moby,⚡ Meta Drops $27B on a Total Unknown,0.0,neutral,0,0
2026-03-17 12:11:38,ROOM,moby,⚡ Meta Drops $27B on a Total Unknown,0.0,neutral,0,0
2026-03-17 12:11:38,ROOMS,moby,⚡ Meta Drops $27B on a Total Unknown,0.0,neutral,0,0
2026-03-17 12:11:38,SAFE,moby,⚡ Meta Drops $27B on a Total Unknown,0.0,neutral,0,0
2026-03-17 12:11:38,SALES,moby,⚡ Meta Drops $27B on a Total Unknown,0.0,neutral,0,0
2026-03-17 12:11:38,SCALE,moby,⚡ Meta Drops $27B on a Total Unknown,0.0,neutral,0,0
2026-03-17 12:11:38,SINCE,moby,⚡ Meta Drops $27B on a Total Unknown,0.0,neutral,0,0
2026-03-17 12:11:38,SIX,moby,⚡ Meta Drops $27B on a Total Unknown,0.0,neutral,0,0
2026-03-17 12:11:38,SLOW,moby,⚡ Meta Drops $27B on a Total Unknown,0.0,neutral,0,0
2026-03-17 12:11:38,SPEC,moby,⚡ Meta Drops $27B on a Total Unknown,0.0,neutral,0,0
2026-03-17 12:11:38,SPIKE,moby,⚡ Meta Drops $27B on a Total Unknown,0.0,neutral,0,0
2026-03-17 12:11:38,STALE,moby,⚡ Meta Drops $27B on a Total Unknown,0.0,neutral,0,0
2026-03-17 12:11:38,TEST,moby,⚡ Meta Drops $27B on a Total Unknown,0.0,neutral,0,0
2026-03-17 12:11:38,THEIR,moby,⚡ Meta Drops $27B on a Total Unknown,0.0,neutral,0,0
2026-03-17 12:11:38,THEME,moby,⚡ Meta Drops $27B on a Total Unknown,0.0,neutral,0,0
2026-03-17 12:11:38,THING,moby,⚡ Meta Drops $27B on a Total Unknown,0.0,neutral,0,0
2026-03-17 12:11:38,TO,moby,⚡ Meta Drops $27B on a Total Unknown,0.0,neutral,0,0
2026-03-17 12:11:38,TODAY,moby,⚡ Meta Drops $27B on a Total Unknown,0.0,neutral,0,0
2026-03-17 12:11:38,TOLD,moby,⚡ Meta Drops $27B on a Total Unknown,0.0,neutral,0,0
2026-03-17 12:11:38,TOTAL,moby,⚡ Meta Drops $27B on a Total Unknown,0.0,neutral,0,0
2026-03-17 12:11:38,TRADE,moby,⚡ Meta Drops $27B on a Total Unknown,0.0,neutral,0,0
2026-03-17 12:11:38,TREAT,moby,⚡ Meta Drops $27B on a Total Unknown,0.0,neutral,0,0
2026-03-17 12:11:38,TRIES,moby,⚡ Meta Drops $27B on a Total Unknown,0.0,neutral,0,0
2026-03-17 12:11:38,TRUMP,moby,⚡ Meta Drops $27B on a Total Unknown,0.0,neutral,0,0
2026-03-17 12:11:38,TURNS,moby,⚡ Meta Drops $27B on a Total Unknown,0.0,neutral,0,0
2026-03-17 12:11:38,TWO,moby,⚡ Meta Drops $27B on a Total Unknown,0.0,neutral,0,0
2026-03-17 12:11:38,UNDER,moby,⚡ Meta Drops $27B on a Total Unknown,0.0,neutral,0,0
2026-03-17 12:11:38,VIBES,moby,⚡ Meta Drops $27B on a Total Unknown,0.0,neutral,0,0
2026-03-17 12:11:38,VIEW,moby,⚡ Meta Drops $27B on a Total Unknown,0.0,neutral,0,0
2026-03-17 12:11:38,WALL,moby,⚡ Meta Drops $27B on a Total Unknown,0.0,neutral,0,0
2026-03-17 12:11:38,WE,moby,⚡ Meta Drops $27B on a Total Unknown,0.0,neutral,0,0
2026-03-17 12:11:38,WEEKS,moby,⚡ Meta Drops $27B on a Total Unknown,0.0,neutral,0,0
2026-03-17 12:11:38,WERE,moby,⚡ Meta Drops $27B on a Total Unknown,0.0,neutral,0,0
2026-03-17 12:11:38,WHERE,moby,⚡ Meta Drops $27B on a Total Unknown,0.0,neutral,0,0
2026-03-17 12:11:38,WHICH,moby,⚡ Meta Drops $27B on a Total Unknown,0.0,neutral,0,0
2026-03-17 12:11:38,WHILE,moby,⚡ Meta Drops $27B on a Total Unknown,0.0,neutral,0,0
2026-03-17 12:11:38,WHOLE,moby,⚡ Meta Drops $27B on a Total Unknown,0.0,neutral,0,0
2026-03-17 12:11:38,WRONG,moby,⚡ Meta Drops $27B on a Total Unknown,0.0,neutral,0,0
2026-03-17 12:11:38,WTI,moby,⚡ Meta Drops $27B on a Total Unknown,0.0,neutral,0,0
2026-03-17 12:11:38,ZONE,moby,⚡ Meta Drops $27B on a Total Unknown,0.0,neutral,0,0
